-- MySQL dump 10.13  Distrib 5.7.17, for Win64 (x86_64)
--
-- Host: phmavwhnl    Database: hnlmnl-prd_db
-- ------------------------------------------------------
-- Server version	5.7.19

/*!40101 SET @OLD_CHARACTER_SET_CLIENT=@@CHARACTER_SET_CLIENT */;
/*!40101 SET @OLD_CHARACTER_SET_RESULTS=@@CHARACTER_SET_RESULTS */;
/*!40101 SET @OLD_COLLATION_CONNECTION=@@COLLATION_CONNECTION */;
/*!40101 SET NAMES utf8 */;
/*!40103 SET @OLD_TIME_ZONE=@@TIME_ZONE */;
/*!40103 SET TIME_ZONE='+00:00' */;
/*!40014 SET @OLD_UNIQUE_CHECKS=@@UNIQUE_CHECKS, UNIQUE_CHECKS=0 */;
/*!40014 SET @OLD_FOREIGN_KEY_CHECKS=@@FOREIGN_KEY_CHECKS, FOREIGN_KEY_CHECKS=0 */;
/*!40101 SET @OLD_SQL_MODE=@@SQL_MODE, SQL_MODE='NO_AUTO_VALUE_ON_ZERO' */;
/*!40111 SET @OLD_SQL_NOTES=@@SQL_NOTES, SQL_NOTES=0 */;

--
-- Table structure for table `tbl_soho_icon`
--

DROP TABLE IF EXISTS `tbl_soho_icon`;
/*!40101 SET @saved_cs_client     = @@character_set_client */;
/*!40101 SET character_set_client = utf8 */;
CREATE TABLE `tbl_soho_icon` (
  `iconId` int(11) NOT NULL AUTO_INCREMENT,
  `iconName` varchar(100) NOT NULL,
  `iconCounter` int(11) NOT NULL DEFAULT '0',
  `iconStatus` varchar(10) NOT NULL DEFAULT 'inactive',
  `typeId` int(11) NOT NULL,
  PRIMARY KEY (`iconId`)
) ENGINE=InnoDB AUTO_INCREMENT=181 DEFAULT CHARSET=latin1;
/*!40101 SET character_set_client = @saved_cs_client */;

--
-- Dumping data for table `tbl_soho_icon`
--

LOCK TABLES `tbl_soho_icon` WRITE;
/*!40000 ALTER TABLE `tbl_soho_icon` DISABLE KEYS */;
INSERT INTO `tbl_soho_icon` VALUES (1,'add',0,'active',7),(2,'attach',0,'active',7),(3,'audio',0,'active',7),(4,'calendar',0,'active',7),(5,'bookmark-filled',0,'active',7),(6,'bookmark-outlined',0,'active',7),(7,'bottom-align',0,'active',7),(8,'bullet-list',0,'active',7),(9,'camera',0,'active',7),(10,'cancel',0,'active',7),(11,'caps-lock-indicator',0,'active',7),(12,'cart',0,'active',7),(13,'check',0,'active',7),(14,'check-box',0,'active',7),(15,'clock',0,'active',7),(16,'close',0,'active',7),(17,'collapse',0,'active',7),(18,'collapse-context-app-tray',0,'active',7),(19,'columns',0,'active',7),(20,'compose',0,'active',7),(21,'contract',0,'active',7),(22,'copy',0,'active',7),(23,'cut',0,'active',7),(24,'distribute-horiz',0,'active',7),(25,'document',0,'active',7),(26,'down-arrow',0,'active',7),(27,'download',0,'active',7),(28,'drill-down',0,'active',7),(29,'dropdown',0,'active',7),(30,'duplicate',0,'active',7),(31,'edit',0,'active',7),(32,'expand',0,'active',7),(33,'expand-context-app-tray',0,'active',7),(34,'export',0,'active',7),(35,'export-spreadsheet',0,'active',7),(36,'filter',0,'active',7),(37,'first-page',0,'active',7),(38,'folder',0,'active',7),(39,'fullview',0,'active',7),(40,'grid',0,'active',7),(41,'grid-layout',0,'active',7),(42,'heart-filled',0,'active',7),(43,'heart-outlined',0,'active',7),(44,'home',0,'active',7),(45,'horiz-center-align',0,'active',7),(46,'import',0,'active',7),(47,'insert-image',0,'active',7),(48,'inventory',0,'active',7),(49,'last-page',0,'active',7),(50,'launch',0,'active',7),(51,'left-align',0,'active',7),(52,'left-arrow',0,'active',7),(53,'link',0,'active',7),(54,'list',0,'active',7),(55,'load',0,'active',7),(56,'locked',0,'active',7),(57,'mail',0,'active',7),(58,'map-pin',0,'active',7),(59,'maximize',0,'active',7),(60,'menu',0,'active',7),(61,'mingle-share',0,'active',7),(62,'minimize',0,'active',7),(63,'minus',0,'active',7),(64,'more',0,'active',7),(65,'new-document',0,'active',7),(66,'next-page',0,'active',7),(67,'no-audio',0,'active',7),(68,'notes',0,'active',7),(69,'notification',0,'active',7),(70,'number-list',0,'active',7),(71,'open-folder',0,'active',7),(72,'paste',0,'active',7),(73,'previous-page',0,'active',7),(74,'print',0,'active',7),(75,'redo',0,'active',7),(76,'refresh',0,'active',7),(77,'reset',0,'active',7),(78,'responsive-app-switcher',0,'active',7),(79,'right-align',0,'active',7),(80,'right-arrow',0,'active',7),(81,'roles',0,'active',7),(82,'save',0,'active',7),(83,'search',0,'active',7),(84,'search-category-filter',0,'active',7),(85,'search-folder',0,'active',7),(86,'search-list',0,'active',7),(87,'secondary-menu-collapse-minus',0,'active',7),(88,'secondary-menu-expand-plus',0,'active',7),(89,'send',0,'active',7),(90,'settings',0,'active',7),(91,'sort-down',0,'active',7),(92,'sort-up',0,'active',7),(93,'star',0,'active',7),(94,'star-half-filled',0,'active',7),(95,'star-outlined',0,'active',7),(96,'tack',0,'active',7),(97,'timer',0,'active',7),(98,'top-align',0,'active',7),(99,'trash',0,'active',7),(100,'undo',0,'active',7),(101,'unlocked',0,'active',7),(102,'up-arrow',0,'active',7),(103,'upload',0,'active',7),(104,'url',0,'active',7),(105,'user',0,'active',7),(106,'user-profile',0,'active',7),(107,'vertical-middle-align',0,'active',7),(108,'alert',0,'active',6),(109,'confirmed',0,'active',6),(110,'dirty',0,'active',6),(111,'error',0,'active',6),(112,'info',0,'active',6),(113,'in-progress',0,'active',6),(114,'new',0,'active',6),(115,'contains',0,'active',4),(116,'date-calendar',0,'active',4),(117,'does-not-equal',0,'active',4),(118,'doesnt-contain',0,'active',4),(119,'either-selected-or-not-selected',0,'active',4),(120,'equals',0,'active',4),(121,'greater-or-equal-to',0,'active',4),(122,'greater-than',0,'active',4),(123,'in-between',0,'active',4),(124,'is-empty',0,'active',4),(125,'is-not-empty',0,'active',4),(126,'less-or-equal-to',0,'active',4),(127,'less-than',0,'active',4),(128,'not-selected',0,'active',4),(129,'selected',0,'active',4),(130,'sort-a-to-z',0,'active',4),(131,'sort-z-to-a',0,'active',4),(132,'audio',0,'active',8),(133,'avi',0,'active',8),(134,'bmp',0,'active',8),(135,'chart',0,'active',8),(136,'closed-folder',0,'active',8),(137,'csv',0,'active',8),(138,'document',0,'active',8),(139,'document-2',0,'active',8),(140,'excel',0,'active',8),(141,'expenses',0,'active',8),(142,'gif',0,'active',8),(143,'htm',0,'active',8),(144,'image',0,'active',8),(145,'jpg',0,'active',8),(146,'link',0,'active',8),(147,'mail',0,'active',8),(148,'mp3',0,'active',8),(149,'mpp',0,'active',8),(150,'msg',0,'active',8),(151,'open-folder',0,'active',8),(152,'pdf',0,'active',8),(153,'png',0,'active',8),(154,'ppt',0,'active',8),(155,'prj',0,'active',8),(156,'psd',0,'active',8),(157,'pub',0,'active',8),(158,'rar',0,'active',8),(159,'text',0,'active',8),(160,'tif',0,'active',8),(161,'video',0,'active',8),(162,'vis',0,'active',8),(163,'word',0,'active',8),(164,'xls',0,'active',8),(165,'xml',0,'active',8),(166,'zip',0,'active',8),(167,'infor-chat',0,'active',5),(168,'mobile-asset',0,'active',2),(169,'locally-cloud-services',0,'active',5),(170,'customer-lifecycle',0,'active',2),(171,'inspector',0,'active',2),(172,'alert',0,'active',1),(173,'confirmed',0,'active',1),(174,'error',0,'active',1),(175,'info',0,'active',1),(176,'1',0,'active',3),(177,'5',0,'active',3),(178,'8',0,'active',3),(179,'12',0,'active',3),(180,'error-loading-data',0,'active',9);
/*!40000 ALTER TABLE `tbl_soho_icon` ENABLE KEYS */;
UNLOCK TABLES;

--
-- Table structure for table `tbl_soho_icon_download`
--

DROP TABLE IF EXISTS `tbl_soho_icon_download`;
/*!40101 SET @saved_cs_client     = @@character_set_client */;
/*!40101 SET character_set_client = utf8 */;
CREATE TABLE `tbl_soho_icon_download` (
  `downloadId` int(11) NOT NULL AUTO_INCREMENT,
  `downloadDateTime` varchar(50) NOT NULL,
  `emailAddress` varchar(50) NOT NULL,
  `productId` int(11) NOT NULL,
  `iconId` int(11) NOT NULL,
  PRIMARY KEY (`downloadId`)
) ENGINE=InnoDB DEFAULT CHARSET=latin1;
/*!40101 SET character_set_client = @saved_cs_client */;

--
-- Dumping data for table `tbl_soho_icon_download`
--

LOCK TABLES `tbl_soho_icon_download` WRITE;
/*!40000 ALTER TABLE `tbl_soho_icon_download` DISABLE KEYS */;
/*!40000 ALTER TABLE `tbl_soho_icon_download` ENABLE KEYS */;
UNLOCK TABLES;

--
-- Table structure for table `tbl_soho_icon_properties`
--

DROP TABLE IF EXISTS `tbl_soho_icon_properties`;
/*!40101 SET @saved_cs_client     = @@character_set_client */;
/*!40101 SET character_set_client = utf8 */;
CREATE TABLE `tbl_soho_icon_properties` (
  `propertyId` int(11) NOT NULL AUTO_INCREMENT,
  `propertySize` varchar(10) NOT NULL,
  `propertyFormat` varchar(10) NOT NULL,
  `propertyPrefix` varchar(10) NOT NULL,
  `propertyStatus` varchar(10) NOT NULL DEFAULT 'active',
  `iconId` int(11) NOT NULL,
  PRIMARY KEY (`propertyId`)
) ENGINE=InnoDB AUTO_INCREMENT=635 DEFAULT CHARSET=latin1;
/*!40101 SET character_set_client = @saved_cs_client */;

--
-- Dumping data for table `tbl_soho_icon_properties`
--

LOCK TABLES `tbl_soho_icon_properties` WRITE;
/*!40000 ALTER TABLE `tbl_soho_icon_properties` DISABLE KEYS */;
INSERT INTO `tbl_soho_icon_properties` VALUES (1,'','.svg','','active',1),(2,'18x18','.png','g','active',1),(3,'48x48','.png','g','active',1),(4,'18x18','.png','w','active',1),(5,'','.svg','','active',2),(6,'18x18','.png','g','active',2),(7,'48x48','.png','g','active',2),(8,'18x18','.png','w','active',2),(9,'','.svg','','active',3),(10,'18x18','.png','g','active',3),(11,'48x48','.png','g','active',3),(12,'18x18','.png','w','active',3),(13,'','.svg','','active',4),(14,'18x18','.png','g','active',4),(15,'48x48','.png','g','active',4),(16,'18x18','.png','w','active',4),(17,'','.svg','','active',5),(18,'18x18','.png','g','active',5),(19,'48x48','.png','g','active',5),(20,'18x18','.png','w','active',5),(21,'','.svg','','active',6),(22,'18x18','.png','g','active',6),(23,'48x48','.png','g','active',6),(24,'18x18','.png','w','active',6),(25,'','.svg','','active',7),(26,'18x18','.png','g','active',7),(27,'48x48','.png','g','active',7),(28,'18x18','.png','w','active',7),(29,'','.svg','','active',8),(30,'18x18','.png','g','active',8),(31,'48x48','.png','g','active',8),(32,'18x18','.png','w','active',8),(33,'','.svg','','active',9),(34,'18x18','.png','g','active',9),(35,'48x48','.png','g','active',9),(36,'18x18','.png','w','active',9),(37,'','.svg','','active',10),(38,'18x18','.png','g','active',10),(39,'48x48','.png','g','active',10),(40,'18x18','.png','w','active',10),(41,'','.svg','','active',11),(42,'18x18','.png','g','active',11),(43,'48x48','.png','g','active',11),(44,'18x18','.png','w','active',11),(45,'','.svg','','active',12),(46,'18x18','.png','g','active',12),(47,'48x48','.png','g','active',12),(48,'18x18','.png','w','active',12),(49,'','.svg','','active',13),(50,'18x18','.png','g','active',13),(51,'48x48','.png','g','active',13),(52,'18x18','.png','w','active',13),(53,'','.svg','','active',14),(54,'18x18','.png','g','active',14),(55,'48x48','.png','g','active',14),(56,'18x18','.png','w','active',14),(57,'','.svg','','active',15),(58,'18x18','.png','g','active',15),(59,'48x48','.png','g','active',15),(60,'18x18','.png','w','active',15),(61,'','.svg','','active',16),(62,'18x18','.png','g','active',16),(63,'48x48','.png','g','active',16),(64,'18x18','.png','w','active',16),(65,'','.svg','','active',17),(66,'18x18','.png','g','active',17),(67,'48x48','.png','g','active',17),(68,'18x18','.png','w','active',17),(69,'','.svg','','active',18),(70,'18x18','.png','g','active',18),(71,'48x48','.png','g','active',18),(72,'18x18','.png','w','active',18),(73,'','.svg','','active',19),(74,'18x18','.png','g','active',19),(75,'48x48','.png','g','active',19),(76,'18x18','.png','w','active',19),(77,'','.svg','','active',20),(78,'18x18','.png','g','active',20),(79,'48x48','.png','g','active',20),(80,'18x18','.png','w','active',20),(81,'','.svg','','active',21),(82,'18x18','.png','g','active',21),(83,'48x48','.png','g','active',21),(84,'18x18','.png','w','active',21),(85,'','.svg','','active',22),(86,'18x18','.png','g','active',22),(87,'48x48','.png','g','active',22),(88,'18x18','.png','w','active',22),(89,'','.svg','','active',23),(90,'18x18','.png','g','active',23),(91,'48x48','.png','g','active',23),(92,'18x18','.png','w','active',23),(93,'','.svg','','active',24),(94,'18x18','.png','g','active',24),(95,'48x48','.png','g','active',24),(96,'18x18','.png','w','active',24),(97,'','.svg','','active',25),(98,'18x18','.png','g','active',25),(99,'48x48','.png','g','active',25),(100,'18x18','.png','w','active',25),(101,'','.svg','','active',26),(102,'18x18','.png','g','active',26),(103,'48x48','.png','g','active',26),(104,'18x18','.png','w','active',26),(105,'','.svg','','active',27),(106,'18x18','.png','g','active',27),(107,'48x48','.png','g','active',27),(108,'18x18','.png','w','active',27),(109,'','.svg','','active',28),(110,'18x18','.png','g','active',28),(111,'48x48','.png','g','active',28),(112,'18x18','.png','w','active',28),(113,'','.svg','','active',29),(114,'18x18','.png','g','active',29),(115,'48x48','.png','g','active',29),(116,'18x18','.png','w','active',29),(117,'','.svg','','active',30),(118,'18x18','.png','g','active',30),(119,'48x48','.png','g','active',30),(120,'18x18','.png','w','active',30),(121,'','.svg','','active',31),(122,'18x18','.png','g','active',31),(123,'48x48','.png','g','active',31),(124,'18x18','.png','w','active',31),(125,'','.svg','','active',32),(126,'18x18','.png','g','active',32),(127,'48x48','.png','g','active',32),(128,'18x18','.png','w','active',32),(129,'','.svg','','active',33),(130,'18x18','.png','g','active',33),(131,'48x48','.png','g','active',33),(132,'18x18','.png','w','active',33),(133,'','.svg','','active',34),(134,'18x18','.png','g','active',34),(135,'48x48','.png','g','active',34),(136,'18x18','.png','w','active',34),(137,'','.svg','','active',35),(138,'18x18','.png','g','active',35),(139,'48x48','.png','g','active',35),(140,'18x18','.png','w','active',35),(141,'','.svg','','active',36),(142,'18x18','.png','g','active',36),(143,'48x48','.png','g','active',36),(144,'18x18','.png','w','active',36),(145,'','.svg','','active',37),(146,'18x18','.png','g','active',37),(147,'48x48','.png','g','active',37),(148,'18x18','.png','w','active',37),(149,'','.svg','','active',38),(150,'18x18','.png','g','active',38),(151,'48x48','.png','g','active',38),(152,'18x18','.png','w','active',38),(153,'','.svg','','active',39),(154,'18x18','.png','g','active',39),(155,'48x48','.png','g','active',39),(156,'18x18','.png','w','active',39),(157,'','.svg','','active',40),(158,'18x18','.png','g','active',40),(159,'48x48','.png','g','active',40),(160,'18x18','.png','w','active',40),(161,'','.svg','','active',41),(162,'18x18','.png','g','active',41),(163,'48x48','.png','g','active',41),(164,'18x18','.png','w','active',41),(165,'','.svg','','active',42),(166,'18x18','.png','g','active',42),(167,'48x48','.png','g','active',42),(168,'18x18','.png','w','active',42),(169,'','.svg','','active',43),(170,'18x18','.png','g','active',43),(171,'48x48','.png','g','active',43),(172,'18x18','.png','w','active',43),(173,'','.svg','','active',44),(174,'18x18','.png','g','active',44),(175,'48x48','.png','g','active',44),(176,'18x18','.png','w','active',44),(177,'','.svg','','active',45),(178,'18x18','.png','g','active',45),(179,'48x48','.png','g','active',45),(180,'18x18','.png','w','active',45),(181,'','.svg','','active',46),(182,'18x18','.png','g','active',46),(183,'48x48','.png','g','active',46),(184,'18x18','.png','w','active',46),(185,'','.svg','','active',47),(186,'18x18','.png','g','active',47),(187,'48x48','.png','g','active',47),(188,'18x18','.png','w','active',47),(189,'','.svg','','active',48),(190,'18x18','.png','g','active',48),(191,'48x48','.png','g','active',48),(192,'18x18','.png','w','active',48),(193,'','.svg','','active',49),(194,'18x18','.png','g','active',49),(195,'48x48','.png','g','active',49),(196,'18x18','.png','w','active',49),(197,'','.svg','','active',50),(198,'18x18','.png','g','active',50),(199,'48x48','.png','g','active',50),(200,'18x18','.png','w','active',50),(201,'','.svg','','active',51),(202,'18x18','.png','g','active',51),(203,'48x48','.png','g','active',51),(204,'18x18','.png','w','active',51),(205,'','.svg','','active',52),(206,'18x18','.png','g','active',52),(207,'48x48','.png','g','active',52),(208,'18x18','.png','w','active',52),(209,'','.svg','','active',53),(210,'18x18','.png','g','active',53),(211,'48x48','.png','g','active',53),(212,'18x18','.png','w','active',53),(213,'','.svg','','active',54),(214,'18x18','.png','g','active',54),(215,'48x48','.png','g','active',54),(216,'18x18','.png','w','active',54),(217,'','.svg','','active',55),(218,'18x18','.png','g','active',55),(219,'48x48','.png','g','active',55),(220,'18x18','.png','w','active',55),(221,'','.svg','','active',56),(222,'18x18','.png','g','active',56),(223,'48x48','.png','g','active',56),(224,'18x18','.png','w','active',56),(225,'','.svg','','active',57),(226,'18x18','.png','g','active',57),(227,'48x48','.png','g','active',57),(228,'18x18','.png','w','active',57),(229,'','.svg','','active',58),(230,'18x18','.png','g','active',58),(231,'48x48','.png','g','active',58),(232,'18x18','.png','w','active',58),(233,'','.svg','','active',59),(234,'18x18','.png','g','active',59),(235,'48x48','.png','g','active',59),(236,'18x18','.png','w','active',59),(237,'','.svg','','active',60),(238,'18x18','.png','g','active',60),(239,'48x48','.png','g','active',60),(240,'18x18','.png','w','active',60),(241,'','.svg','','active',61),(242,'18x18','.png','g','active',61),(243,'48x48','.png','g','active',61),(244,'18x18','.png','w','active',61),(245,'','.svg','','active',62),(246,'18x18','.png','g','active',62),(247,'48x48','.png','g','active',62),(248,'18x18','.png','w','active',62),(249,'','.svg','','active',63),(250,'18x18','.png','g','active',63),(251,'48x48','.png','g','active',63),(252,'18x18','.png','w','active',63),(253,'','.svg','','active',64),(254,'18x18','.png','g','active',64),(255,'48x48','.png','g','active',64),(256,'18x18','.png','w','active',64),(257,'','.svg','','active',65),(258,'18x18','.png','g','active',65),(259,'48x48','.png','g','active',65),(260,'18x18','.png','w','active',65),(261,'','.svg','','active',66),(262,'18x18','.png','g','active',66),(263,'48x48','.png','g','active',66),(264,'18x18','.png','w','active',66),(265,'','.svg','','active',67),(266,'18x18','.png','g','active',67),(267,'48x48','.png','g','active',67),(268,'18x18','.png','w','active',67),(269,'','.svg','','active',68),(270,'18x18','.png','g','active',68),(271,'48x48','.png','g','active',68),(272,'18x18','.png','w','active',68),(273,'','.svg','','active',69),(274,'18x18','.png','g','active',69),(275,'48x48','.png','g','active',69),(276,'18x18','.png','w','active',69),(277,'','.svg','','active',70),(278,'18x18','.png','g','active',70),(279,'48x48','.png','g','active',70),(280,'18x18','.png','w','active',70),(281,'','.svg','','active',71),(282,'18x18','.png','g','active',71),(283,'48x48','.png','g','active',71),(284,'18x18','.png','w','active',71),(285,'','.svg','','active',72),(286,'18x18','.png','g','active',72),(287,'48x48','.png','g','active',72),(288,'18x18','.png','w','active',72),(289,'','.svg','','active',73),(290,'18x18','.png','g','active',73),(291,'48x48','.png','g','active',73),(292,'18x18','.png','w','active',73),(293,'','.svg','','active',74),(294,'18x18','.png','g','active',74),(295,'48x48','.png','g','active',74),(296,'18x18','.png','w','active',74),(297,'','.svg','','active',75),(298,'18x18','.png','g','active',75),(299,'48x48','.png','g','active',75),(300,'18x18','.png','w','active',75),(301,'','.svg','','active',76),(302,'18x18','.png','g','active',76),(303,'48x48','.png','g','active',76),(304,'18x18','.png','w','active',76),(305,'','.svg','','active',77),(306,'18x18','.png','g','active',77),(307,'48x48','.png','g','active',77),(308,'18x18','.png','w','active',77),(309,'','.svg','','active',78),(310,'18x18','.png','g','active',78),(311,'48x48','.png','g','active',78),(312,'18x18','.png','w','active',78),(313,'','.svg','','active',79),(314,'18x18','.png','g','active',79),(315,'48x48','.png','g','active',79),(316,'18x18','.png','w','active',79),(317,'','.svg','','active',80),(318,'18x18','.png','g','active',80),(319,'48x48','.png','g','active',80),(320,'18x18','.png','w','active',80),(321,'','.svg','','active',81),(322,'18x18','.png','g','active',81),(323,'48x48','.png','g','active',81),(324,'18x18','.png','w','active',81),(325,'','.svg','','active',82),(326,'18x18','.png','g','active',82),(327,'48x48','.png','g','active',82),(328,'18x18','.png','w','active',82),(329,'','.svg','','active',83),(330,'18x18','.png','g','active',83),(331,'48x48','.png','g','active',83),(332,'18x18','.png','w','active',83),(333,'','.svg','','active',84),(334,'18x18','.png','g','active',84),(335,'48x48','.png','g','active',84),(336,'18x18','.png','w','active',84),(337,'','.svg','','active',85),(338,'18x18','.png','g','active',85),(339,'48x48','.png','g','active',85),(340,'18x18','.png','w','active',85),(341,'','.svg','','active',86),(342,'18x18','.png','g','active',86),(343,'48x48','.png','g','active',86),(344,'18x18','.png','w','active',86),(345,'','.svg','','active',87),(346,'18x18','.png','g','active',87),(347,'48x48','.png','g','active',87),(348,'18x18','.png','w','active',87),(349,'','.svg','','active',88),(350,'18x18','.png','g','active',88),(351,'48x48','.png','g','active',88),(352,'18x18','.png','w','active',88),(353,'','.svg','','active',89),(354,'18x18','.png','g','active',89),(355,'48x48','.png','g','active',89),(356,'18x18','.png','w','active',89),(357,'','.svg','','active',9),(358,'18x18','.png','g','active',9),(359,'48x48','.png','g','active',9),(360,'18x18','.png','w','active',9),(361,'','.svg','','active',90),(362,'18x18','.png','g','active',90),(363,'48x48','.png','g','active',90),(364,'18x18','.png','w','active',90),(365,'','.svg','','active',91),(366,'18x18','.png','g','active',91),(367,'48x48','.png','g','active',91),(368,'18x18','.png','w','active',91),(369,'','.svg','','active',92),(370,'18x18','.png','g','active',92),(371,'48x48','.png','g','active',92),(372,'18x18','.png','w','active',92),(373,'','.svg','','active',93),(374,'18x18','.png','g','active',93),(375,'48x48','.png','g','active',93),(376,'18x18','.png','w','active',93),(377,'','.svg','','active',94),(378,'18x18','.png','g','active',94),(379,'48x48','.png','g','active',94),(380,'18x18','.png','w','active',94),(381,'','.svg','','active',95),(382,'18x18','.png','g','active',95),(383,'48x48','.png','g','active',95),(384,'18x18','.png','w','active',95),(385,'','.svg','','active',96),(386,'18x18','.png','g','active',97),(387,'48x48','.png','g','active',97),(388,'18x18','.png','w','active',97),(389,'','.svg','','active',98),(390,'18x18','.png','g','active',98),(391,'48x48','.png','g','active',98),(392,'18x18','.png','w','active',98),(393,'','.svg','','active',99),(394,'18x18','.png','g','active',99),(395,'48x48','.png','g','active',99),(396,'18x18','.png','w','active',99),(397,'','.svg','','active',100),(398,'18x18','.png','g','active',100),(399,'48x48','.png','g','active',100),(400,'18x18','.png','w','active',100),(401,'','.svg','','active',101),(402,'18x18','.png','g','active',101),(403,'48x48','.png','g','active',101),(404,'18x18','.png','w','active',101),(405,'','.svg','','active',102),(406,'18x18','.png','g','active',102),(407,'48x48','.png','g','active',102),(408,'18x18','.png','w','active',102),(409,'','.svg','','active',103),(410,'18x18','.png','g','active',103),(411,'48x48','.png','g','active',103),(412,'18x18','.png','w','active',103),(413,'','.svg','','active',104),(414,'18x18','.png','g','active',104),(415,'48x48','.png','g','active',104),(416,'18x18','.png','w','active',104),(417,'','.svg','','active',105),(418,'18x18','.png','g','active',105),(419,'48x48','.png','g','active',105),(420,'18x18','.png','w','active',105),(421,'','.svg','','active',106),(422,'18x18','.png','g','active',106),(423,'48x48','.png','g','active',106),(424,'18x18','.png','w','active',106),(425,'','.svg','','active',107),(426,'18x18','.png','g','active',107),(427,'48x48','.png','g','active',107),(428,'18x18','.png','w','active',107),(429,'48x48','.png','g','active',108),(430,'48x48','.png','g','active',109),(431,'48x48','.png','g','active',110),(432,'48x48','.png','g','active',111),(433,'48x48','.png','g','active',112),(434,'48x48','.png','g','active',113),(435,'48x48','.png','g','active',114),(436,'48x48','.png','g','active',115),(437,'48x48','.png','g','active',116),(438,'48x48','.png','g','active',117),(439,'48x48','.png','g','active',118),(440,'48x48','.png','g','active',119),(441,'48x48','.png','g','active',120),(442,'48x48','.png','g','active',121),(443,'48x48','.png','g','active',122),(444,'48x48','.png','g','active',123),(445,'48x48','.png','g','active',124),(446,'48x48','.png','g','active',125),(447,'48x48','.png','g','active',126),(448,'48x48','.png','g','active',127),(449,'48x48','.png','g','active',128),(450,'48x48','.png','g','active',129),(451,'48x48','.png','g','active',130),(452,'48x48','.png','g','active',131),(453,'48x48','.png','g','active',132),(454,'48x48','.png','g','active',133),(455,'48x48','.png','g','active',134),(456,'48x48','.png','g','active',135),(457,'48x48','.png','g','active',136),(458,'48x48','.png','g','active',137),(459,'48x48','.png','g','active',138),(460,'48x48','.png','g','active',139),(461,'48x48','.png','g','active',140),(462,'48x48','.png','g','active',141),(463,'48x48','.png','g','active',142),(464,'48x48','.png','g','active',143),(465,'48x48','.png','g','active',144),(466,'48x48','.png','g','active',145),(467,'48x48','.png','g','active',146),(468,'48x48','.png','g','active',147),(469,'48x48','.png','g','active',148),(470,'48x48','.png','g','active',149),(471,'48x48','.png','g','active',150),(472,'48x48','.png','g','active',151),(473,'48x48','.png','g','active',152),(474,'48x48','.png','g','active',153),(475,'48x48','.png','g','active',154),(476,'48x48','.png','g','active',155),(477,'48x48','.png','g','active',156),(478,'48x48','.png','g','active',157),(479,'48x48','.png','g','active',158),(480,'48x48','.png','g','active',159),(481,'48x48','.png','g','active',160),(482,'48x48','.png','g','active',161),(483,'48x48','.png','g','active',162),(484,'48x48','.png','g','active',163),(485,'48x48','.png','g','active',164),(486,'48x48','.png','g','active',165),(487,'48x48','.png','g','active',166),(488,'29x29','.png','g','active',167),(489,'40x40','.png','g','active',167),(490,'50x50','.png','g','active',167),(491,'57x57','.png','g','active',167),(492,'58x58','.png','g','active',167),(493,'72x72','.png','g','active',167),(494,'76x76','.png','g','active',167),(495,'80x80','.png','g','active',167),(496,'100x100','.png','g','active',167),(497,'114x114','.png','g','active',167),(498,'120x120','.png','g','active',167),(499,'144x144','.png','g','active',167),(500,'152x152','.png','g','active',167),(501,'512x512','.png','g','active',167),(502,'1024x1024','.png','g','active',167),(503,'29x29','.png','g','active',168),(504,'40x40','.png','g','active',168),(505,'50x50','.png','g','active',168),(506,'57x57','.png','g','active',168),(507,'58x58','.png','g','active',168),(508,'72x72','.png','g','active',168),(509,'76x76','.png','g','active',168),(510,'80x80','.png','g','active',168),(511,'100x100','.png','g','active',168),(512,'114x114','.png','g','active',168),(513,'120x120','.png','g','active',168),(514,'144x144','.png','g','active',168),(515,'152x152','.png','g','active',168),(516,'512x512','.png','g','active',168),(517,'1024x1024','.png','g','active',168),(518,'29x29','.png','g','active',169),(519,'40x40','.png','g','active',169),(520,'50x50','.png','g','active',169),(521,'57x57','.png','g','active',169),(522,'58x58','.png','g','active',169),(523,'72x72','.png','g','active',169),(524,'76x76','.png','g','active',169),(525,'80x80','.png','g','active',169),(526,'100x100','.png','g','active',169),(527,'114x114','.png','g','active',169),(528,'120x120','.png','g','active',169),(529,'144x144','.png','g','active',169),(530,'152x152','.png','g','active',169),(531,'512x512','.png','g','active',169),(532,'1024x1024','.png','g','active',169),(533,'29x29','.png','g','active',170),(534,'40x40','.png','g','active',170),(535,'50x50','.png','g','active',170),(536,'57x57','.png','g','active',170),(537,'58x58','.png','g','active',170),(538,'72x72','.png','g','active',170),(539,'76x76','.png','g','active',170),(540,'80x80','.png','g','active',170),(541,'100x100','.png','g','active',170),(542,'114x114','.png','g','active',170),(543,'120x120','.png','g','active',170),(544,'144x144','.png','g','active',170),(545,'152x152','.png','g','active',170),(546,'512x512','.png','g','active',170),(547,'1024x1024','.png','g','active',170),(548,'29x29','.png','g','active',171),(549,'40x40','.png','g','active',171),(550,'50x50','.png','g','active',171),(551,'57x57','.png','g','active',171),(552,'58x58','.png','g','active',171),(553,'72x72','.png','g','active',171),(554,'76x76','.png','g','active',171),(555,'80x80','.png','g','active',171),(556,'100x100','.png','g','active',171),(557,'114x114','.png','g','active',171),(558,'120x120','.png','g','active',171),(559,'144x144','.png','g','active',171),(560,'152x152','.png','g','active',171),(561,'512x512','.png','g','active',171),(562,'1024x1024','.png','g','active',171),(563,'48x48','.png','g','active',172),(564,'48x48','.png','g','active',173),(565,'48x48','.png','g','active',174),(566,'48x48','.png','g','active',175),(567,'22x22','.png','g','active',176),(568,'22x22','.png','g','active',177),(569,'22x22','.png','g','active',178),(570,'22x22','.png','g','active',179),(571,'','.svg','','active',97),(572,'18x18','.png','g','active',96),(573,'48x48','.png','g','active',96),(574,'18x18','.png','w','active',96),(575,'','.svg','','active',115),(576,'','.svg','','active',116),(577,'','.svg','','active',117),(578,'','.svg','','active',118),(579,'','.svg','','active',119),(580,'','.svg','','active',120),(581,'','.svg','','active',121),(582,'','.svg','','active',122),(583,'','.svg','','active',123),(584,'','.svg','','active',124),(585,'','.svg','','active',125),(586,'','.svg','','active',126),(587,'','.svg','','active',127),(588,'','.svg','','active',128),(589,'','.svg','','active',129),(590,'','.svg','','active',130),(591,'','.svg','','active',131),(592,'','.svg','','active',108),(593,'','.svg','','active',109),(594,'','.svg','','active',110),(595,'','.svg','','active',111),(596,'','.svg','','active',112),(597,'','.svg','','active',113),(598,'','.svg','','active',114),(599,'','.svg','','active',132),(600,'','.svg','','active',133),(601,'','.svg','','active',134),(602,'','.svg','','active',135),(603,'','.svg','','active',136),(604,'','.svg','','active',137),(605,'','.svg','','active',138),(606,'','.svg','','active',139),(607,'','.svg','','active',140),(608,'','.svg','','active',141),(609,'','.svg','','active',142),(610,'','.svg','','active',143),(611,'','.svg','','active',144),(612,'','.svg','','active',145),(613,'','.svg','','active',146),(614,'','.svg','','active',147),(615,'','.svg','','active',148),(616,'','.svg','','active',149),(617,'','.svg','','active',150),(618,'','.svg','','active',151),(619,'','.svg','','active',152),(620,'','.svg','','active',153),(621,'','.svg','','active',154),(622,'','.svg','','active',155),(623,'','.svg','','active',156),(624,'','.svg','','active',157),(625,'','.svg','','active',158),(626,'','.svg','','active',159),(627,'','.svg','','active',160),(628,'','.svg','','active',161),(629,'','.svg','','active',162),(630,'','.svg','','active',163),(631,'','.svg','','active',164),(632,'','.svg','','active',165),(633,'','.svg','','active',166),(634,'','.svg','','active',180);
/*!40000 ALTER TABLE `tbl_soho_icon_properties` ENABLE KEYS */;
UNLOCK TABLES;

--
-- Table structure for table `tbl_soho_icon_tag`
--

DROP TABLE IF EXISTS `tbl_soho_icon_tag`;
/*!40101 SET @saved_cs_client     = @@character_set_client */;
/*!40101 SET character_set_client = utf8 */;
CREATE TABLE `tbl_soho_icon_tag` (
  `tagId` int(11) NOT NULL AUTO_INCREMENT,
  `tagName` varchar(50) NOT NULL,
  `tagStatus` varchar(10) NOT NULL DEFAULT 'active',
  `iconId` int(11) NOT NULL,
  PRIMARY KEY (`tagId`)
) ENGINE=InnoDB AUTO_INCREMENT=406 DEFAULT CHARSET=latin1;
/*!40101 SET character_set_client = @saved_cs_client */;

--
-- Dumping data for table `tbl_soho_icon_tag`
--

LOCK TABLES `tbl_soho_icon_tag` WRITE;
/*!40000 ALTER TABLE `tbl_soho_icon_tag` DISABLE KEYS */;
INSERT INTO `tbl_soho_icon_tag` VALUES (1,'add','active',1),(2,'attach','active',2),(3,'audio','active',3),(4,'calendar','active',4),(5,'bookmark-filled','active',5),(6,'bookmark-outlined','active',6),(7,'bottom-align','active',7),(8,'bullet-list','active',8),(9,'camera','active',9),(10,'cancel','active',10),(11,'caps-lock-indicator','active',11),(12,'cart','active',12),(13,'check','active',13),(14,'check-box','active',14),(15,'clock','active',15),(16,'close','active',16),(17,'collapse','active',17),(18,'collapse-context-app-tray','active',18),(19,'columns','active',19),(20,'compose','active',20),(21,'contract','active',21),(22,'copy','active',22),(23,'cut','active',23),(24,'distribute-horiz','active',24),(25,'document','active',25),(26,'down-arrow','active',26),(27,'download','active',27),(28,'drill-down','active',28),(29,'dropdown','active',29),(30,'duplicate','active',30),(31,'edit','active',31),(32,'expand','active',32),(33,'expand-context-app-tray','active',33),(34,'export','active',34),(35,'export-spreadsheet','active',35),(36,'filter','active',36),(37,'first-page','active',37),(38,'folder','active',38),(39,'fullview','active',39),(40,'grid','active',40),(41,'grid-layout','active',41),(42,'heart-filled','active',42),(43,'heart-outlined','active',43),(44,'home','active',44),(45,'horiz-center-align','active',45),(46,'import','active',46),(47,'insert-image','active',47),(48,'inventory','active',48),(49,'last-page','active',49),(50,'launch','active',50),(51,'left-align','active',51),(52,'left-arrow','active',52),(53,'link','active',53),(54,'list','active',54),(55,'load','active',55),(56,'locked','active',56),(57,'mail','active',57),(58,'map-pin','active',58),(59,'maximize','active',59),(60,'menu','active',60),(61,'mingle-share','active',61),(62,'minimize','active',62),(63,'minus','active',63),(64,'more','active',64),(65,'new-document','active',65),(66,'next-page','active',66),(67,'no-audio','active',67),(68,'notes','active',68),(69,'notification','active',69),(70,'number-list','active',70),(71,'open-folder','active',71),(72,'paste','active',72),(73,'previous-page','active',73),(74,'print','active',74),(75,'redo','active',75),(76,'refresh','active',76),(77,'reset','active',77),(78,'responsive-app-switcher','active',78),(79,'right-align','active',79),(80,'right-arrow','active',80),(81,'roles','active',81),(82,'save','active',82),(83,'search','active',83),(84,'search-category-filter','active',84),(85,'search-folder','active',85),(86,'search-list','active',86),(87,'secondary-menu-collapse-minus','active',87),(88,'secondary-menu-expand-plus','active',88),(89,'send','active',89),(90,'settings','active',90),(91,'sort-down','active',91),(92,'sort-up','active',92),(93,'star','active',93),(94,'star-half-filled','active',94),(95,'star-outlined','active',95),(96,'tack','active',96),(97,'timer','active',97),(98,'top-align','active',98),(99,'trash','active',99),(100,'undo','active',100),(101,'unlocked','active',101),(102,'up-arrow','active',102),(103,'upload','active',103),(104,'url','active',104),(105,'user','active',105),(106,'user-profile','active',106),(107,'vertical-middle-align','active',107),(108,'alert','active',108),(109,'confirmed','active',109),(110,'dirty','active',110),(111,'error','active',111),(112,'info','active',112),(113,'in-progress','active',113),(114,'new','active',114),(115,'contains','active',115),(116,'date-calendar','active',116),(117,'does-not-equal','active',117),(118,'doesnt-contain','active',118),(119,'either-selected-or-not-selected','active',119),(120,'equals','active',120),(121,'greater-or-equal-to','active',121),(122,'greater-than','active',122),(123,'in-between','active',123),(124,'is-empty','active',124),(125,'is-not-empty','active',125),(126,'less-or-equal-to','active',126),(127,'less-than','active',127),(128,'not-selected','active',128),(129,'selected','active',129),(130,'sort-a-to-z','active',130),(131,'sort-z-to-a','active',131),(132,'audio','active',132),(133,'avi','active',133),(134,'bmp','active',134),(135,'chart','active',135),(136,'closed-folder','active',136),(137,'csv','active',137),(138,'document','active',138),(139,'document-2','active',139),(140,'excel','active',140),(141,'expenses','active',141),(142,'gif','active',142),(143,'htm','active',143),(144,'image','active',144),(145,'jpg','active',145),(146,'link','active',146),(147,'mail','active',147),(148,'mp3','active',148),(149,'mpp','active',149),(150,'msg','active',150),(151,'open-folder','active',151),(152,'pdf','active',152),(153,'png','active',153),(154,'ppt','active',154),(155,'prj','active',155),(156,'psd','active',156),(157,'pub','active',157),(158,'rar','active',158),(159,'text','active',159),(160,'tif','active',160),(161,'video','active',161),(162,'vis','active',162),(163,'word','active',163),(164,'xls','active',164),(165,'xml','active',165),(166,'zip','active',166),(167,'infor-chat','active',167),(168,'mobile-asset','active',168),(169,'locally-cloud-services','active',169),(170,'customer-lifecycle','active',170),(171,'inspector','active',171),(172,'alert','active',172),(173,'confirmed','active',173),(174,'error','active',174),(175,'info','active',175),(176,'1','active',176),(177,'5','active',177),(178,'8','active',178),(179,'12','active',179),(180,'new','active',1),(181,'create','active',1),(182,'error','active',180),(183,'warning','active',172),(184,'event','active',116),(185,'schedule','active',116),(186,'alert','active',174),(187,'information','active',175),(188,'equals','active',120),(189,'equal to','active',120),(190,'warning','active',108),(191,'done','active',109),(192,'check','active',109),(193,'star','active',114),(194,'plus','active',1),(195,'clip','active',2),(196,'speaker','active',3),(197,'event','active',4),(198,'schedule','active',4),(199,'photo','active',9),(200,'shopping','active',12),(201,'done','active',13),(202,'time','active',15),(203,'create','active',20),(204,'duplicate','active',22),(205,'file','active',25),(206,'caret','active',29),(207,'sync','active',55),(208,'secured','active',56),(209,'envelope','active',57),(210,'ellipsis','active',64),(211,'create-document','active',65),(212,'mute','active',67),(213,'bell','active',69),(214,'briefcase','active',81),(215,'work','active',81),(216,'gear','active',90),(217,'alarm','active',97),(218,'delete','active',99),(219,'remove','active',99),(220,'web','active',104),(221,'globe','active',104),(222,'speaker','active',132),(223,'pie','active',135),(224,'file','active',138),(225,'check box','active',14),(226,'check','active',14),(227,'box','active',14),(228,'caret','active',17),(229,'up','active',17),(230,'chevron','active',17),(231,'collapse context app tray','active',18),(232,'collapse','active',18),(233,'left','active',18),(234,'chevron','active',18),(235,'distribute horizontal','active',24),(236,'distribute','active',24),(237,'horizontal','active',24),(238,'down arrow','active',26),(239,'down','active',26),(240,'arrow','active',26),(241,'drill down','active',28),(242,'drill','active',28),(243,'pencil','active',31),(244,'caret','active',32),(245,'down','active',32),(246,'chevron','active',32),(247,'expand context app tray','active',33),(248,'expand app tray','active',33),(249,'expand tray','active',33),(250,'expand','active',33),(251,'export spreadsheet','active',35),(252,'spreadsheet','active',35),(253,'export','active',35),(254,'first page','active',37),(255,'first','active',37),(256,'page','active',37),(257,'full view','active',39),(258,'full','active',39),(259,'view','active',39),(260,'grid layout','active',41),(261,'grid','active',41),(262,'layout','active',41),(263,'heart filled','active',42),(264,'heart','active',42),(265,'heart outlined','active',43),(266,'heart','active',43),(267,'horizontal center align','active',45),(268,'center align','active',45),(269,'align','active',45),(270,'horizontal','active',45),(271,'insert image','active',47),(272,'insert','active',47),(273,'image','active',47),(274,'last page','active',49),(275,'last','active',49),(276,'page','active',49),(277,'left align','active',51),(278,'left','active',51),(279,'align','active',51),(280,'left arrow','active',52),(281,'left','active',52),(282,'arrow','active',52),(283,'refresh','active',55),(284,'lock','active',56),(285,'padlock','active',56),(286,'map pin','active',58),(287,'pin','active',58),(288,'map','active',58),(289,'hamburger','active',60),(290,'new document','active',65),(291,'create document','active',65),(292,'create','active',65),(293,'document','active',65),(294,'new','active',65),(295,'mingle share','active',61),(296,'next page','active',66),(297,'next','active',66),(298,'page','active',66),(299,'no audio','active',67),(300,'no sound','active',67),(301,'number','active',70),(302,'list','active',70),(303,'open folder','active',71),(304,'open','active',71),(305,'folder','active',71),(306,'previous page','active',73),(307,'previous','active',73),(308,'left','active',73),(309,'caret','active',73),(310,'page','active',73),(311,'caret','active',66),(312,'right','active',66),(313,'responsive app switcher','active',78),(314,'responsive','active',78),(315,'app','active',78),(316,'switcher','active',78),(317,'right align','active',79),(318,'right','active',79),(319,'align','active',79),(320,'right arrow','active',80),(321,'right','active',80),(322,'arrow','active',80),(323,'search category filter','active',84),(324,'search','active',84),(325,'category','active',84),(326,'filter','active',84),(327,'search folder','active',85),(328,'search','active',85),(329,'folder','active',85),(330,'search list','active',86),(331,'search','active',86),(332,'list','active',86),(333,'secondary menu collapse minus','active',87),(334,'secondary menu','active',87),(335,'collapse','active',87),(336,'minus','active',87),(337,'secondary menu expand plus','active',88),(338,'secondary menu','active',88),(339,'expand','active',88),(340,'plus','active',88),(341,'add','active',88),(342,'sort down','active',91),(343,'sort','active',91),(344,'down','active',91),(345,'sort up','active',92),(346,'sort','active',92),(347,'up','active',92),(348,'rating','active',93),(349,'star half filled','active',94),(350,'star','active',94),(351,'half filled','active',94),(352,'rating','active',94),(353,'star outlined','active',95),(354,'star','active',95),(355,'outlined','active',95),(356,'rating','active',95),(357,'top align','active',98),(358,'top','active',98),(359,'align','active',98),(360,'padlock','active',101),(361,'unlock','active',101),(362,'up arrow','active',102),(363,'up','active',102),(364,'arrow','active',102),(365,'user profile','active',106),(366,'user','active',106),(367,'profile','active',106),(368,'vertical middle align','active',107),(369,'vertical','active',107),(370,'middle','active',107),(371,'align','active',107),(372,'sound','active',132),(373,'volume','active',132),(374,'closed folder','active',136),(375,'closed','active',136),(376,'folder','active',136),(377,'document 2','active',139),(378,'document','active',139),(379,'file','active',139),(380,'photo','active',144),(381,'envelope','active',147),(382,'open folder','active',151),(383,'open','active',151),(384,'folder','active',151),(385,'error loading data','active',180),(386,'gear','active',180),(387,'mobile asset','active',168),(388,'mobile','active',168),(389,'asset','active',168),(390,'customer lifecycle','active',170),(391,'customer','active',170),(392,'life cycle','active',170),(393,'infor chat','active',167),(394,'chat','active',167),(395,'locally cloud services','active',169),(396,'cloud','active',169),(397,'badge','active',176),(398,'badge','active',177),(399,'badge','active',178),(400,'badge','active',179),(401,'done','active',173),(402,'check','active',173),(403,'empty','active',124),(404,'blank','active',124),(405,'is empty','active',124);
/*!40000 ALTER TABLE `tbl_soho_icon_tag` ENABLE KEYS */;
UNLOCK TABLES;

--
-- Table structure for table `tbl_soho_icon_type`
--

DROP TABLE IF EXISTS `tbl_soho_icon_type`;
/*!40101 SET @saved_cs_client     = @@character_set_client */;
/*!40101 SET character_set_client = utf8 */;
CREATE TABLE `tbl_soho_icon_type` (
  `typeId` int(11) NOT NULL AUTO_INCREMENT,
  `typeName` varchar(50) NOT NULL,
  `typeClass` int(11) NOT NULL DEFAULT '1',
  `typeSize` varchar(10) NOT NULL,
  PRIMARY KEY (`typeId`)
) ENGINE=InnoDB AUTO_INCREMENT=11 DEFAULT CHARSET=latin1;
/*!40101 SET character_set_client = @saved_cs_client */;

--
-- Dumping data for table `tbl_soho_icon_type`
--

LOCK TABLES `tbl_soho_icon_type` WRITE;
/*!40000 ALTER TABLE `tbl_soho_icon_type` DISABLE KEYS */;
INSERT INTO `tbl_soho_icon_type` VALUES (1,'alert',1,'18x18'),(2,'application',2,'100x100'),(3,'badge',3,'18x18'),(4,'grid',1,'14x14'),(5,'ming.le',2,'100x100'),(6,'status',1,'18x18'),(7,'toolbar',1,'18x18'),(8,'tree',1,'14x14'),(9,'widget',1,'60x60'),(10,'all',0,'');
/*!40000 ALTER TABLE `tbl_soho_icon_type` ENABLE KEYS */;
UNLOCK TABLES;

--
-- Table structure for table `tbl_soho_icon_version`
--

DROP TABLE IF EXISTS `tbl_soho_icon_version`;
/*!40101 SET @saved_cs_client     = @@character_set_client */;
/*!40101 SET character_set_client = utf8 */;
CREATE TABLE `tbl_soho_icon_version` (
  `versionId` int(11) NOT NULL AUTO_INCREMENT,
  `versionName` varchar(100) NOT NULL,
  `versionDateTime` varchar(50) NOT NULL,
  PRIMARY KEY (`versionId`)
) ENGINE=InnoDB AUTO_INCREMENT=6 DEFAULT CHARSET=latin1;
/*!40101 SET character_set_client = @saved_cs_client */;

--
-- Dumping data for table `tbl_soho_icon_version`
--

LOCK TABLES `tbl_soho_icon_version` WRITE;
/*!40000 ALTER TABLE `tbl_soho_icon_version` DISABLE KEYS */;
INSERT INTO `tbl_soho_icon_version` VALUES (1,'1.00','20171125000000'),(2,'2.0.1','20171222000000'),(3,'2.0.2','20180130000000'),(4,'2.1.0','20180306000000'),(5,'2.1.1','20180503000000');
/*!40000 ALTER TABLE `tbl_soho_icon_version` ENABLE KEYS */;
UNLOCK TABLES;

--
-- Table structure for table `tbl_soho_product`
--

DROP TABLE IF EXISTS `tbl_soho_product`;
/*!40101 SET @saved_cs_client     = @@character_set_client */;
/*!40101 SET character_set_client = utf8 */;
CREATE TABLE `tbl_soho_product` (
  `productId` int(11) NOT NULL AUTO_INCREMENT,
  `productName` varchar(50) NOT NULL,
  PRIMARY KEY (`productId`)
) ENGINE=InnoDB AUTO_INCREMENT=44 DEFAULT CHARSET=latin1;
/*!40101 SET character_set_client = @saved_cs_client */;

--
-- Dumping data for table `tbl_soho_product`
--

LOCK TABLES `tbl_soho_product` WRITE;
/*!40000 ALTER TABLE `tbl_soho_product` DISABLE KEYS */;
INSERT INTO `tbl_soho_product` VALUES (1,'Infor CloudSuite Aerospace & Defense'),(2,'Infor CloudSuite Automotive'),(3,'Infor CloudSuite Business'),(4,'Infor CloudSuite Corporate'),(5,'Infor CloudSuite Distribution'),(6,'Infor CloudSuite Distribution Enterprise'),(7,'Infor CloudSuite Equipment Rental'),(8,'Infor CloudSuite Facilities Management'),(9,'Infor CloudSuite Fasion'),(10,'Infor CloudSuite Food & Beverage'),(11,'Infor CloudSuite HCM'),(12,'Infor CloudSuite Healthcare'),(13,'Infor CloudSuite Industrial'),(14,'Infor CloudSuite Industrial Machinery'),(15,'Infor CloudSuite Public Sector'),(16,'Infor SunSystems'),(17,'Infor Automotive Exchange'),(18,'Infor Advanced Modules'),(19,'Infor CloudSuite Financials and Supply Management'),(20,'Infor Anael FMS'),(21,'Infor CRM'),(22,'Infor Distribution SX.e'),(23,'Infor EAM'),(24,'Infor Factory Track'),(25,'Infor Global Human Resources and Talent Management'),(26,'Infor HR Case Management'),(27,'Infor HR Knowledgebase'),(28,'Infor LN'),(29,'Infor M3'),(30,'Infor Onboarding'),(31,'Infor Public Sector'),(32,'Infor Supplier Exchange'),(33,'Infor BI'),(34,'Infor Business Analytics Manufacturing Foundation'),(35,'Infor d/EPM'),(36,'Infor Landmark Technology'),(37,'Infor M3 Analytics'),(38,'Infor Ming.le'),(39,'Infor Query & Analysis'),(40,'Infor Rhythm for Civics'),(41,'Infor Rhythm for Commerce: B2B'),(42,'Infor Risk & Compliance'),(43,'Infor Mobile Supply Chain Management');
/*!40000 ALTER TABLE `tbl_soho_product` ENABLE KEYS */;
UNLOCK TABLES;
/*!40103 SET TIME_ZONE=@OLD_TIME_ZONE */;

/*!40101 SET SQL_MODE=@OLD_SQL_MODE */;
/*!40014 SET FOREIGN_KEY_CHECKS=@OLD_FOREIGN_KEY_CHECKS */;
/*!40014 SET UNIQUE_CHECKS=@OLD_UNIQUE_CHECKS */;
/*!40101 SET CHARACTER_SET_CLIENT=@OLD_CHARACTER_SET_CLIENT */;
/*!40101 SET CHARACTER_SET_RESULTS=@OLD_CHARACTER_SET_RESULTS */;
/*!40101 SET COLLATION_CONNECTION=@OLD_COLLATION_CONNECTION */;
/*!40111 SET SQL_NOTES=@OLD_SQL_NOTES */;

-- Dump completed on 2018-06-20  9:13:49
